[
  {
    "id": 1,
    "name": "百会",
    "pinyin": "bǎi huì",
    "englishName": "Baihui",
    "code": "GV20",
    "meridian": "督脉",
    "meridianType": "奇经八脉",
    "location": "头部，当前发际正中直上7寸，或两耳尖连线的中点处",
    "anatomicalLocation": "在帽状腱膜中；有左右颞浅动、静脉和左右枕动、静脉的吻合网；布有枕大神经分支",
    "positioning": "正坐位或俯卧位，在头顶部，两耳尖连线与头部正中线的交点处取穴",
    "functions": "升阳举陷，益气固脱，安神定志，醒脑开窍",
    "indications": "头痛，眩晕，中风失语，癫痫，精神病，健忘，失眠，脱肛，子宫脱垂，胃下垂，久泻，久痢",
    "needleMethod": {
      "direction": "平刺",
      "depth": "0.5-0.8寸",
      "angle": "与头皮呈15°角",
      "manipulation": "平补平泻法，可灸"
    },
    "precautions": "孕妇慎用，针刺不宜过深",
    "clinicalApplications": [
      "中风后遗症", "头痛", "眩晕", "失眠", "抑郁症", "脱肛", "子宫脱垂"
    ],
    "relatedAcupoints": ["神庭", "四神聪", "风府"],
    "isPremium": false,
    "viewCount": 8760,
    "likeCount": 234,
    "image": "bg-gradient-to-br from-blue-400 to-purple-500",
    "createdAt": "2024-01-01",
    "updatedAt": "2024-01-01"
  },
  {
    "id": 2,
    "name": "印堂",
    "pinyin": "yìn táng",
    "englishName": "Yintang",
    "code": "EX-HN3",
    "meridian": "经外奇穴",
    "meridianType": "奇穴",
    "location": "头部，当两眉头的中间",
    "anatomicalLocation": "在额肌中；有额动、静脉；布有额神经的分支滑车上神经",
    "positioning": "正坐位或仰卧位，在前额部，当两眉头连线的中点处取穴",
    "functions": "安神定志，清头明目，通鼻开窍",
    "indications": "头痛，头晕，失眠，鼻塞，鼻渊，鼻衄，眉棱骨痛，三叉神经痛，小儿惊风",
    "needleMethod": {
      "direction": "平刺或向下斜刺",
      "depth": "0.3-0.5寸",
      "angle": "平刺或向下15°角",
      "manipulation": "平补平泻法，可灸"
    },
    "precautions": "针刺不宜过深，避免刺伤血管",
    "clinicalApplications": [
      "前额头痛", "失眠", "鼻炎", "鼻窦炎", "面瘫", "三叉神经痛"
    ],
    "relatedAcupoints": ["攒竹", "神庭", "素髎"],
    "isPremium": false,
    "viewCount": 6540,
    "likeCount": 189,
    "image": "bg-gradient-to-br from-indigo-400 to-blue-500",
    "createdAt": "2024-01-01",
    "updatedAt": "2024-01-01"
  },
  {
    "id": 3,
    "name": "神门",
    "pinyin": "shén mén",
    "englishName": "Shenmen",
    "code": "HE7",
    "meridian": "手少阴心经",
    "meridianType": "十二正经",
    "location": "腕部，腕掌侧横纹尺侧端，尺侧腕屈肌腱的桡侧凹陷处",
    "anatomicalLocation": "在尺侧腕屈肌与指浅屈肌之间，深层为指深屈肌；有尺动、静脉；布有尺神经",
    "positioning": "仰掌，沿小指向下用力按压，手掌根部有一个突起的圆骨，在圆骨的前方，两筋之间的凹陷处取穴",
    "functions": "宁心安神，清心火，调气血",
    "indications": "心痛，心烦，惊悸，怔忡，健忘，失眠，痴呆，癫狂痫证，胸胁痛",
    "needleMethod": {
      "direction": "直刺",
      "depth": "0.3-0.5寸",
      "angle": "垂直刺入",
      "manipulation": "平补平泻法，可灸"
    },
    "precautions": "针刺不宜过深，避免伤及血管神经",
    "clinicalApplications": [
      "失眠", "焦虑", "心律不齐", "神经衰弱", "健忘", "抑郁症"
    ],
    "relatedAcupoints": ["内关", "心俞", "三阴交"],
    "isPremium": false,
    "viewCount": 9876,
    "likeCount": 312,
    "image": "bg-gradient-to-br from-red-400 to-pink-500",
    "createdAt": "2024-01-01",
    "updatedAt": "2024-01-01"
  },
  {
    "id": 4,
    "name": "内关",
    "pinyin": "nèi guān",
    "englishName": "Neiguan",
    "code": "PC6",
    "meridian": "手厥阴心包经",
    "meridianType": "十二正经",
    "location": "前臂掌侧，当曲泽与大陵的连线上，腕横纹上2寸，掌长肌腱与桡侧腕屈肌腱之间",
    "anatomicalLocation": "在桡侧腕屈肌腱与掌长肌腱之间，深层为指深屈肌；有前臂正中动、静脉，深层为骨间前动、静脉；布有正中神经，深层为骨间前神经",
    "positioning": "仰掌，手腕横纹向上量3横指（约2寸），在两筋之间取穴",
    "functions": "宁心安神，理气止痛，和胃降逆",
    "indications": "心痛，胸痛，胸闷，心悸，心律不齐，胃痛，呕吐，呃逆，失眠，癫痫，中风，偏瘫，哮喘",
    "needleMethod": {
      "direction": "直刺",
      "depth": "0.5-1.0寸",
      "angle": "垂直刺入",
      "manipulation": "平补平泻法，可灸"
    },
    "precautions": "孕妇慎用，针刺时避免刺伤血管神经",
    "clinicalApplications": [
      "心绞痛", "心律不齐", "胃痛", "恶心呕吐", "失眠", "焦虑", "中风康复"
    ],
    "relatedAcupoints": ["神门", "郄门", "公孙"],
    "isPremium": false,
    "viewCount": 12450,
    "likeCount": 398,
    "image": "bg-gradient-to-br from-teal-400 to-green-500",
    "createdAt": "2024-01-01",
    "updatedAt": "2024-01-01"
  },
  {
    "id": 5,
    "name": "足三里",
    "pinyin": "zú sān lǐ",
    "englishName": "Zusanli",
    "code": "ST36",
    "meridian": "足阳明胃经",
    "meridianType": "十二正经",
    "location": "小腿前外侧，当犊鼻下3寸，距胫骨前缘一横指（中指）",
    "anatomicalLocation": "在胫骨前肌，趾长伸肌之间；有胫前动、静脉；布有腓浅神经",
    "positioning": "屈膝，在膝盖骨下方凹陷（犊鼻穴）直下4横指处，距离胫骨前缘约1横指的位置取穴",
    "functions": "调理脾胃，补中益气，通经活络，扶正祛邪",
    "indications": "胃痛，呕吐，腹胀，腹痛，腹泻，痢疾，便秘，乳痈，肠痈，下肢痿痹，水肿，癫狂，脚气，虚劳赢瘦",
    "needleMethod": {
      "direction": "直刺",
      "depth": "1.0-2.0寸",
      "angle": "垂直刺入",
      "manipulation": "平补平泻法，补法多用，可灸"
    },
    "precautions": "孕妇慎用，针刺时避免刺伤血管",
    "clinicalApplications": [
      "胃炎", "胃溃疡", "腹泻", "便秘", "消化不良", "免疫力低下", "疲劳综合征"
    ],
    "relatedAcupoints": ["上巨虚", "下巨虚", "丰隆"],
    "isPremium": false,
    "viewCount": 15680,
    "likeCount": 456,
    "image": "bg-gradient-to-br from-orange-400 to-yellow-500",
    "createdAt": "2024-01-01",
    "updatedAt": "2024-01-01"
  },
  {
    "id": 6,
    "name": "三阴交",
    "pinyin": "sān yīn jiāo",
    "englishName": "Sanyinjiao",
    "code": "SP6",
    "meridian": "足太阴脾经",
    "meridianType": "十二正经",
    "location": "小腿内侧，当足内踝尖上3寸，胫骨内侧缘后方",
    "anatomicalLocation": "在胫骨后肌和趾长屈肌之间；有大隐静脉，胫后动、静脉；布有隐神经，胫神经",
    "positioning": "正坐屈膝，在足内踝尖直上4横指，胫骨内侧缘后方凹陷处取穴",
    "functions": "健脾益血，调肝补肾，安神定志，调经止带",
    "indications": "腹痛，肠鸣，腹胀，泄泻，便溏，月经不调，崩漏，带下，阴挺，不孕，难产，产后血晕，恶露不行，遗精，阳痿，遗尿，疝气，足痿，脚气，失眠，荨麻疹，神经性皮炎",
    "needleMethod": {
      "direction": "直刺",
      "depth": "1.0-1.5寸",
      "angle": "垂直刺入",
      "manipulation": "平补平泻法，可灸"
    },
    "precautions": "孕妇禁针，月经期慎用",
    "clinicalApplications": [
      "月经不调", "痛经", "不孕症", "脾胃虚弱", "失眠", "高血压", "糖尿病"
    ],
    "relatedAcupoints": ["血海", "地机", "阴陵泉"],
    "isPremium": false,
    "viewCount": 11230,
    "likeCount": 367,
    "image": "bg-gradient-to-br from-purple-400 to-indigo-500",
    "createdAt": "2024-01-01",
    "updatedAt": "2024-01-01"
  }
]
