{
  "categories": [
    {
      "id": 1,
      "name": "中医基础理论",
      "description": "中医学基本概念、脏腑经络、气血津液等基础理论",
      "parentId": null,
      "children": [
        {
          "id": 11,
          "name": "阴阳五行",
          "description": "阴阳学说与五行学说的基本理论",
          "parentId": 1,
          "questionCount": 50
        },
        {
          "id": 12,
          "name": "脏腑学说",
          "description": "五脏六腑的生理功能与病理变化",
          "parentId": 1,
          "questionCount": 80
        },
        {
          "id": 13,
          "name": "经络学说",
          "description": "经络系统的组成、循行与功能",
          "parentId": 1,
          "questionCount": 60
        }
      ],
      "questionCount": 190
    },
    {
      "id": 2,
      "name": "中药学",
      "description": "中药的性味归经、功效主治、配伍应用",
      "parentId": null,
      "children": [
        {
          "id": 21,
          "name": "解表药",
          "description": "发散风寒、风热的药物",
          "parentId": 2,
          "questionCount": 40
        },
        {
          "id": 22,
          "name": "补益药",
          "description": "补气、补血、补阴、补阳的药物",
          "parentId": 2,
          "questionCount": 60
        },
        {
          "id": 23,
          "name": "清热药",
          "description": "清热泻火、凉血解毒的药物",
          "parentId": 2,
          "questionCount": 45
        }
      ],
      "questionCount": 145
    },
    {
      "id": 3,
      "name": "方剂学",
      "description": "经典方剂的组成、功效、主治与应用",
      "parentId": null,
      "children": [
        {
          "id": 31,
          "name": "解表剂",
          "description": "治疗表证的方剂",
          "parentId": 3,
          "questionCount": 35
        },
        {
          "id": 32,
          "name": "补益剂",
          "description": "补气、补血、补阴、补阳的方剂",
          "parentId": 3,
          "questionCount": 45
        },
        {
          "id": 33,
          "name": "清热剂",
          "description": "清热泻火的方剂",
          "parentId": 3,
          "questionCount": 30
        }
      ],
      "questionCount": 110
    },
    {
      "id": 4,
      "name": "针灸学",
      "description": "经络穴位、刺灸方法与临床应用",
      "parentId": null,
      "children": [
        {
          "id": 41,
          "name": "经络穴位",
          "description": "十四经脉与经外奇穴的定位、功效",
          "parentId": 4,
          "questionCount": 70
        },
        {
          "id": 42,
          "name": "刺灸方法",
          "description": "毫针刺法、艾灸方法与适应症",
          "parentId": 4,
          "questionCount": 40
        }
      ],
      "questionCount": 110
    }
  ],
  "questions": [
    {
      "id": 1,
      "categoryId": 11,
      "content": "下列关于阴阳学说的叙述，正确的是：",
      "type": "SINGLE_CHOICE",
      "options": [
        { "id": "A", "content": "阴阳是绝对对立的两个概念" },
        { "id": "B", "content": "阴阳是相互依存、相互转化的" },
        { "id": "C", "content": "阴代表静止，阳代表运动" },
        { "id": "D", "content": "阴阳不能同时存在于一个事物中" }
      ],
      "correctAnswer": "B",
      "explanation": "阴阳学说认为阴阳是对立统一的关系，既相互对立又相互依存，在一定条件下可以相互转化。阴阳不是绝对对立的，而是相对的概念。",
      "difficulty": "EASY",
      "points": 2,
      "tags": ["阴阳学说", "基础理论"]
    },
    {
      "id": 2,
      "categoryId": 11,
      "content": "五行相生的顺序是：",
      "type": "SINGLE_CHOICE",
      "options": [
        { "id": "A", "content": "木生火，火生土，土生金，金生水，水生木" },
        { "id": "B", "content": "木生土，土生金，金生水，水生火，火生木" },
        { "id": "C", "content": "木生水，水生火，火生土，土生金，金生木" },
        { "id": "D", "content": "木生金，金生水，水生火，火生土，土生木" }
      ],
      "correctAnswer": "A",
      "explanation": "五行相生的正确顺序是：木生火（钻木取火），火生土（焚木成灰），土生金（土中藏金），金生水（金属凝水），水生木（水润木长）。",
      "difficulty": "EASY",
      "points": 2,
      "tags": ["五行学说", "相生关系"]
    },
    {
      "id": 3,
      "categoryId": 12,
      "content": "心的主要生理功能包括：",
      "type": "MULTIPLE_CHOICE",
      "options": [
        { "id": "A", "content": "主血脉" },
        { "id": "B", "content": "主神明" },
        { "id": "C", "content": "主统血" },
        { "id": "D", "content": "主气" },
        { "id": "E", "content": "开窍于舌" }
      ],
      "correctAnswer": "A,B,E",
      "explanation": "心的主要生理功能包括：主血脉（推动血液运行）、主神明（主宰精神意识活动）、开窍于舌（心火上炎于舌）。主统血是脾的功能，主气是肺的功能。",
      "difficulty": "MEDIUM",
      "points": 3,
      "tags": ["脏腑学说", "心的功能"]
    },
    {
      "id": 4,
      "categoryId": 21,
      "content": "麻黄的主要功效是：",
      "type": "SINGLE_CHOICE",
      "options": [
        { "id": "A", "content": "发汗解表，宣肺平喘，利水消肿" },
        { "id": "B", "content": "疏散风热，清热解毒" },
        { "id": "C", "content": "温中散寒，回阳救逆" },
        { "id": "D", "content": "活血化瘀，行气止痛" }
      ],
      "correctAnswer": "A",
      "explanation": "麻黄味辛性温，归肺、膀胱经，具有发汗解表、宣肺平喘、利水消肿的功效。是辛温解表的代表药物，常用于外感风寒表实证。",
      "difficulty": "EASY",
      "points": 2,
      "tags": ["解表药", "麻黄"]
    },
    {
      "id": 5,
      "categoryId": 31,
      "content": "桂枝汤的组成包括：",
      "type": "MULTIPLE_CHOICE",
      "options": [
        { "id": "A", "content": "桂枝" },
        { "id": "B", "content": "白芍" },
        { "id": "C", "content": "生姜" },
        { "id": "D", "content": "大枣" },
        { "id": "E", "content": "炙甘草" },
        { "id": "F", "content": "麻黄" }
      ],
      "correctAnswer": "A,B,C,D,E",
      "explanation": "桂枝汤的组成包括：桂枝、白芍、生姜、大枣、炙甘草五味药。具有解肌发表、调和营卫的功效，主治外感风寒表虚证。麻黄不在桂枝汤的组成中。",
      "difficulty": "MEDIUM",
      "points": 3,
      "tags": ["解表剂", "桂枝汤"]
    },
    {
      "id": 6,
      "categoryId": 41,
      "content": "足三里穴的定位是：",
      "type": "SINGLE_CHOICE",
      "options": [
        { "id": "A", "content": "膝盖下3寸，胫骨前缘外一横指" },
        { "id": "B", "content": "膝盖下4寸，胫骨前缘外一横指" },
        { "id": "C", "content": "膝盖下3寸，胫骨后缘" },
        { "id": "D", "content": "小腿外侧，腓骨头下2寸" }
      ],
      "correctAnswer": "A",
      "explanation": "足三里穴位于小腿前外侧，当犊鼻（膝盖骨下方凹陷）下3寸，距胫骨前缘一横指（中指）。是足阳明胃经的重要穴位，有调理脾胃、补中益气的作用。",
      "difficulty": "EASY",
      "points": 2,
      "tags": ["经络穴位", "足三里"]
    },
    {
      "id": 7,
      "categoryId": 12,
      "content": "脾的主要生理功能是：",
      "type": "TRUE_FALSE",
      "options": [
        { "id": "A", "content": "正确" },
        { "id": "B", "content": "错误" }
      ],
      "correctAnswer": "A",
      "explanation": "脾主运化、升清、统血，为气血生化之源，后天之本。脾将水谷精微转化为气血，并将营养物质上输至心肺，同时具有统摄血液在脉管内正常运行的功能。",
      "difficulty": "MEDIUM",
      "points": 2,
      "tags": ["脏腑学说", "脾的功能"]
    },
    {
      "id": 8,
      "categoryId": 22,
      "content": "人参的主要功效是：",
      "type": "FILL_BLANK",
      "options": [],
      "correctAnswer": "大补元气，复脉固脱，补脾益肺，生津养血，安神益智",
      "explanation": "人参是补气药中的代表药物，味甘微苦，性微温，归脾、肺、心、肾经。具有大补元气、复脉固脱、补脾益肺、生津养血、安神益智的功效。",
      "difficulty": "HARD",
      "points": 4,
      "tags": ["补益药", "人参"]
    },
    {
      "id": 9,
      "categoryId": 12,
      "content": "肝的生理功能包括：",
      "type": "MULTIPLE_CHOICE",
      "options": [
        { "id": "A", "content": "主疏泄" },
        { "id": "B", "content": "主藏血" },
        { "id": "C", "content": "主运化" },
        { "id": "D", "content": "主纳气" },
        { "id": "E", "content": "开窍于目" }
      ],
      "correctAnswer": "A,B,E",
      "explanation": "肝的主要生理功能包括：主疏泄（调节气机、情志、消化等）、主藏血（调节血量、滋养肌筋）、开窍于目（肝血充盈则目能视）。主运化是脾的功能，主纳气是肾的功能。",
      "difficulty": "MEDIUM",
      "points": 3,
      "tags": ["脏腑学说", "肝的功能"]
    },
    {
      "id": 10,
      "categoryId": 13,
      "content": "任脉起于胞中，循行于人体前正中线，被称为'阴脉之海'。",
      "type": "TRUE_FALSE",
      "options": [
        { "id": "A", "content": "正确" },
        { "id": "B", "content": "错误" }
      ],
      "correctAnswer": "A",
      "explanation": "任脉起于胞中（子宫），沿腹部前正中线上行，主管人体阴经，故称'阴脉之海'。任脉与女性的月经、妊娠、分娩等生理功能密切相关。",
      "difficulty": "EASY",
      "points": 2,
      "tags": ["经络学说", "任脉"]
    },
    {
      "id": 11,
      "categoryId": 21,
      "content": "请写出桑叶的主要功效：",
      "type": "FILL_BLANK",
      "options": [],
      "correctAnswer": "疏散风热，清肺润燥，平肝明目",
      "explanation": "桑叶味甘、苦，性寒，归肺、肝经。具有疏散风热、清肺润燥、平肝明目的功效。常用于风热感冒、肺热燥咳、头目眩晕、目赤昏花等症。",
      "difficulty": "MEDIUM",
      "points": 3,
      "tags": ["解表药", "桑叶"]
    },
    {
      "id": 12,
      "categoryId": 32,
      "content": "四君子汤的组成药物包括：",
      "type": "MULTIPLE_CHOICE",
      "options": [
        { "id": "A", "content": "人参" },
        { "id": "B", "content": "白术" },
        { "id": "C", "content": "茯苓" },
        { "id": "D", "content": "炙甘草" },
        { "id": "E", "content": "当归" },
        { "id": "F", "content": "白芍" }
      ],
      "correctAnswer": "A,B,C,D",
      "explanation": "四君子汤由人参、白术、茯苓、炙甘草四味药组成，具有益气健脾的功效，主治脾胃气虚证。当归和白芍不在此方组成中。",
      "difficulty": "EASY",
      "points": 2,
      "tags": ["补益剂", "四君子汤"]
    },
    {
      "id": 13,
      "categoryId": 41,
      "content": "合谷穴位于手背虎口处，是手阳明大肠经的原穴。",
      "type": "TRUE_FALSE",
      "options": [
        { "id": "A", "content": "正确" },
        { "id": "B", "content": "错误" }
      ],
      "correctAnswer": "A",
      "explanation": "合谷穴位于手背第一、二掌骨间，第二掌骨桡侧的中点处，是手阳明大肠经的原穴。具有疏风解表、通络止痛的作用，是针灸临床常用穴位。",
      "difficulty": "EASY",
      "points": 2,
      "tags": ["经络穴位", "合谷穴"]
    },
    {
      "id": 14,
      "categoryId": 22,
      "content": "当归的功效和应用",
      "type": "FILL_BLANK",
      "options": [],
      "correctAnswer": "补血活血，调经止痛，润肠通便",
      "explanation": "当归味甘、辛，性温，归肝、心、脾经。具有补血活血、调经止痛、润肠通便的功效。主治血虚萎黄、月经不调、经闭痛经、虚寒腹痛、肠燥便秘、风湿痹痛、跌打损伤、痈疽疮疡等。",
      "difficulty": "MEDIUM",
      "points": 3,
      "tags": ["补益药", "当归"]
    },
    {
      "id": 15,
      "categoryId": 11,
      "content": "五行学说中，相克关系包括：",
      "type": "MULTIPLE_CHOICE",
      "options": [
        { "id": "A", "content": "木克土" },
        { "id": "B", "content": "火克金" },
        { "id": "C", "content": "土克水" },
        { "id": "D", "content": "金克木" },
        { "id": "E", "content": "水克火" },
        { "id": "F", "content": "土克火" }
      ],
      "correctAnswer": "A,B,C,D,E",
      "explanation": "五行相克关系为：木克土、土克水、水克火、火克金、金克木。这是五行学说的基本规律，体现了事物间相互制约的关系。土克火不符合五行相克规律。",
      "difficulty": "EASY",
      "points": 2,
      "tags": ["五行学说", "相克关系"]
    },
    {
      "id": 16,
      "categoryId": 12,
      "content": "肾阳虚和肾阴虚都会出现腰膝酸软的症状。",
      "type": "TRUE_FALSE",
      "options": [
        { "id": "A", "content": "正确" },
        { "id": "B", "content": "错误" }
      ],
      "correctAnswer": "A",
      "explanation": "腰膝酸软是肾虚的共同症状，无论肾阳虚还是肾阴虚都会出现。但肾阳虚多伴有畏寒怕冷、四肢不温等阳虚症状；肾阴虚多伴有潮热盗汗、五心烦热等阴虚症状。",
      "difficulty": "MEDIUM",
      "points": 2,
      "tags": ["脏腑学说", "肾虚证"]
    },
    {
      "id": 17,
      "categoryId": 23,
      "content": "黄连的性味是什么？",
      "type": "FILL_BLANK",
      "options": [],
      "correctAnswer": "苦，寒",
      "explanation": "黄连味苦，性寒，归心、脾、胃、肝、胆、大肠经。具有清热燥湿、泻火解毒的功效。主治湿热痞满、呕吐吞酸、泻痢、黄疸、高热神昏、心火亢盛、心烦不寐、血热吐衄、目赤、牙痛、消渴、痈肿疔疮等症。",
      "difficulty": "EASY",
      "points": 2,
      "tags": ["清热药", "黄连"]
    },
    {
      "id": 18,
      "categoryId": 33,
      "content": "白虎汤的功效是：",
      "type": "MULTIPLE_CHOICE",
      "options": [
        { "id": "A", "content": "清热生津" },
        { "id": "B", "content": "除烦止渴" },
        { "id": "C", "content": "温中散寒" },
        { "id": "D", "content": "益气养阴" },
        { "id": "E", "content": "清热泻火" }
      ],
      "correctAnswer": "A,B,E",
      "explanation": "白虎汤由石膏、知母、炙甘草、粳米组成，具有清热生津、除烦止渴的功效，主治阳明气分热盛证。温中散寒与此方功效相反，益气养阴不是此方的主要功效。",
      "difficulty": "MEDIUM",
      "points": 3,
      "tags": ["清热剂", "白虎汤"]
    },
    {
      "id": 19,
      "categoryId": 42,
      "content": "针刺得气是指针刺入穴位后出现酸、麻、胀、重的感觉。",
      "type": "TRUE_FALSE",
      "options": [
        { "id": "A", "content": "正确" },
        { "id": "B", "content": "错误" }
      ],
      "correctAnswer": "A",
      "explanation": "针刺得气是指针刺入穴位达到一定深度后，通过提插、捻转等手法刺激，使患者产生酸、麻、胀、重等感觉，医者感到针下沉紧的现象。得气是针刺产生疗效的重要因素。",
      "difficulty": "EASY",
      "points": 2,
      "tags": ["针灸学", "得气"]
    },
    {
      "id": 20,
      "categoryId": 23,
      "content": "连翘的主要功效是什么？",
      "type": "FILL_BLANK",
      "options": [],
      "correctAnswer": "清热解毒，消肿散结",
      "explanation": "连翘味苦，性微寒，归肺、心、小肠经。具有清热解毒、消肿散结的功效。主治热病初起、风热感冒、发热、心烦、咽喉肿痛、斑疹丹毒、痈肿疮毒、瘰疬、小便淋涩等症。",
      "difficulty": "EASY",
      "points": 2,
      "tags": ["清热药", "连翘"]
    }
  ]
}
